Column1,productname,productsubname,productprice,productactualprice,productrate,productreview
0,AIRism Cotton Long Sleeve Crew Neck T-Shirt,Exclusive Size Online Only,1990,1990,5,9
1,Waffle Henley Neck Long Sleeve T-Shirt,Exclusive Size Online Only,1990,1990,4.47,60
2,Waffle Crew Neck Long Sleeve T-Shirt,Exclusive Size Online Only,1990,1990,4.13,15
3,Soft Brushed Crew Neck Long Sleeve T-Shirt,Exclusive Size Online Only,1490,1490,4.53,68
4,Waffle Henley Neck Long Sleeve T-Shirt,Exclusive Size Online Only,1990,1990,4.47,60
5,AIRism Cotton Crew Neck Half Sleeve Oversized T-Shirt,Exclusive Size Online Only,1490,1490,4.65,137
6,Supima Cotton Crew Neck Short Sleeve T-Shirt,Exclusive Size Online Only,1290,1290,4.4,95
7,Crew Neck Short Sleeve T-Shirt,Exclusive Size Online Only,1290,1290,4.46,193
8,AIRism Cotton Oversized Striped T-Shirt (Half Sleeve),Exclusive Size Online Only,1490,1490,4.79,42
9,DRY-EX Short Sleeve Crew Neck T-Shirt,Exclusive Size Online Only,1990,1990,0,0
10,DRY-EX Short Sleeve T-Shirt,Exclusive Size Online Only,1490,1490,0,0
11,DRY-EX Short Sleeve T-Shirt (Light),Exclusive Size Online Only,1490,1490,5,4
12,DRY-EX Short Sleeve T-Shirt (Print),Exclusive Size Online Only,1490,1490,5,6
13,DRY-EX Crew Neck Short Sleeve T-Shirt,Exclusive Size Online Only,1490,1490,5,3
14,Dry Crew Neck Short Sleeve T-Shirt,Exclusive Size Online Only,490,490,4.43,179
15,AIRism Cotton Sleeveless T-Shirt,Exclusive Size Online Only,1290,1290,0,0
16,AIRism Cotton Sleeveless T-Shirt,Exclusive Size Online Only,1290,1290,4.8,15
17,HEATTECH Extra Warm Cotton Waffle T-Shirt,Exclusive Size Online Only,1990,1990,0,0
18,Dry Crew Neck Short Sleeve Colour T-Shirt,Exclusive Size Online Only,490,490,4.43,179
19,AIRism Cotton Crew Neck T-Shirt,Exclusive Size Online Only,990,990,4.5,16
20,PEACE FOR ALL (Saul Leiter) (Short Sleeve T-Shirt),Exclusive Size Online Only,1490,1490,5,1
21,PEACE FOR ALL (Han Meilin) (Short Sleeve T-Shirt),Exclusive Size Online Only,1490,1490,0,0
22,PEACE FOR ALL (Tokujin Yoshioka) (Short Sleeve T-Shirt),Exclusive Size Online Only,1490,1490,5,1
23,PEACE FOR ALL (Takeshi Yoro) (Short Sleeve T-Shirt),Exclusive Size Online Only,1490,1490,0,0
24,PEACE FOR ALL (K. Hosseini) (Short Sleeve T-Shirt),Exclusive Size Online Only,1490,1490,5,2
25,PEACE FOR ALL (H. Kuiseko) (Short Sleeve T-Shirt),Exclusive Size Online Only,1490,1490,0,0
26,PEACE FOR ALL (Jason Polan) (Short Sleeve T-Shirt),Exclusive Size Online Only,1490,1490,5,1
27,PEACE FOR ALL (H&Dem) (Short Sleeve T-Shirt),Exclusive Size Online Only,1490,1490,4.67,3
28,PEACE FOR ALL (Ultraman) (Short Sleeve T-Shirt),Exclusive Size Online Only,1490,1490,0,0
29,PEACE FOR ALL (Yu Nagaba) (Short Sleeve T-Shirt),Exclusive Size Online Only,1490,1490,0,0
30,PEACE FOR ALL (F. Risso) (Short-Sleeve Graphic T-Shirt),Exclusive Size Online Only,1490,1490,0,0
31,PEACE FOR ALL (Julian Opie) (Short-Sleeve Graphic T-Shirt),Exclusive Size Online Only,1490,1490,0,0
32,PEACE FOR ALL (E. Moureaux) (Short Sleeve T-Shirt),Exclusive Size Online Only,1490,1490,0,0
33,PEACE FOR ALL (Keith Haring) (Short-Sleeve Graphic T-Shirt),Exclusive Size Online Only,1490,1490,5,5
34,PEACE FOR ALL (Haruka Ayase) (Short-Sleeve Graphic T-Shirt),Exclusive Size Online Only,1490,1490,4.5,2
35,PEACE FOR ALL (Magnum Photos) (Short-Sleeve Graphic T-Shirt),Exclusive Size Online Only,1490,1490,0,0
36,PEACE FOR ALL (Daido Moriyama) (Short-Sleeve Graphic T-Shirt),Exclusive Size Online Only,1490,1490,5,2
37,PEACE FOR ALL (Peanuts) (Short-Sleeve Graphic T-Shirt),Exclusive Size Online Only,1490,1490,4.67,9
38,PEACE FOR ALL (Wim Wenders) (Short-Sleeve Graphic T-Shirt),Exclusive Size Online Only,1490,1490,0,0
39,PEACE FOR ALL (Jean-Michel Basquiat) (Short-Sleeve Graphic T-Shirt),Exclusive Size Online Only,1490,1490,5,1
40,PEACE FOR ALL (Dick Bruna) (Short-Sleeve Graphic T-Shirt),Exclusive Size Online Only,1490,1490,5,1
41,PEACE FOR ALL (Roger Federer) (Short-Sleeve Graphic T-Shirt),Exclusive Size Online Only,1490,1490,5,2
42,PEACE FOR ALL (Lisa Larson) (Short-Sleeve Graphic T-Shirt),Exclusive Size Online Only,1490,1490,5,1
43,PEACE FOR ALL Akamai Technologies (Short Sleeve UT) (Short-Sleeve Graphic T-Shirt),Exclusive Size Online Only,1490,1490,5,3
44,PEACE FOR ALL (Hana Tajima) (Short-Sleeve Graphic T-Shirt),Exclusive Size Online Only,1490,1490,5,1
45,PEACE FOR ALL (JW Anderson) (Short-Sleeve Graphic T-Shirt),Exclusive Size Online Only,1490,1490,4.67,3
46,PEACE FOR ALL (Christophe Lemaire) (Short-Sleeve Graphic T-Shirt),Exclusive Size Online Only,1490,1490,4.67,3
47,PEACE FOR ALL (Ines De La Fressange) (Short-Sleeve Graphic T-Shirt),Limited Store,1490,1490,5,1
48,Dry Color Crew Neck Short Sleeve T-Shirt,Exclusive Size Online Only,490,490,4.64,11
49,DRY-EX UV Protection Half Zip T-Shirt,Exclusive Size Online Only,2490,2490,5,1
50,AIRism Cotton Relaxed Fit Half Sleeve T-Shirt,Exclusive Size Online Only,990,1490,4.91,22
51,DRY-EX V Neck T-Shirt,Exclusive Size Online Only,1490,1990,0,0
52,DRY-EX Polo Shirt,Exclusive Size Online Only,1490,1990,5,1
53,DRY-EX Short Sleeve T-Shirt,Exclusive Size Online Only,990,1490,4.5,8
54,AIRism Cotton Sleeveless Striped T-Shirt,Exclusive Size Online Only,990,1290,5,2
55,DRY-EX Tank Top,Limited Store,990,1290,4.5,2
56,AIRism Cotton Oversize V Neck Half Sleeve T-Shirt,Exclusive Size Online Only,990,1490,4.94,16
57,Graphic Short Sleeve T-Shirt,Limited Store,790,1490,5,1
