Column1,productname,productsubname,productprice,productactualprice
0,Deadpool: Kill For Tacos,T-Shirts,799,799
1,Harry Potter: Hogwarts,Zipper Polos,1299,1299
2,Naruto: Yin-Yang,Oversized T-Shirts,899,899
3,Naruto: Itachi Uchiha,Oversized T-Shirts,1049,1049
4,Baki Hanma: You Shouldn't Have,Oversized T-Shirts,1299,1299
5,Harry Potter: Slytherin,T-Shirts,599,599
6,Deadpool: Anti-Hero,Oversized T-Shirts,1399,1399
7,Transformers: Bumblebee,Oversized T-Shirts,949,949
8,Baki Hanma: The Strongest,Oversized T-Shirts,999,999
9,Black Panther: Wakanda Forever,Zipper Polos,999,999
10,Marvel: Loki God Of Mischief,Zipper Polos,999,999
11,Punisher: It's Time,T-Shirts,749,749
12,Punisher: Skull,Zipper Polos,999,999
13,Solids: Regal Black,Oversized Polos,1299,1299
14,Superman: Man Of Steel,Polos,1299,1299
15,TSS Originals: Cadmium,Zipper Polos,1049,1049
16,TSS Originals: Kale,Hooded T-Shirts,1499,1499
17,Top Gun: 1986,Polos,1299,1299
18,Jungle Book: Jungle Tales,Oversized T-Shirts,899,899
19,Solids: Yellow,Oversized T-Shirts,699,999
20,Harry Potter: Death Eater,Oversized T-Shirts,999,999
21,Punisher: Classic Logo,T-Shirts,549,699
22,TSS Originals: Fusion Bandana,Oversized T-Shirts,949,949
23,Punisher: Cold Fury,Oversized T-Shirts,1049,1049
24,Naruto: Sasuke,Oversized Full Sleeve T-Shirts,999,999
25,Tie-Dye: Grape Wine,Oversized Full Sleeve T-Shirts,999,999
26,Batman: 3D Logo,T-Shirts,799,799
27,Solids: Black & White Colourblock,Polos,999,999
28,The Godfather: Corleone,T-Shirts,799,799
29,Joker: Forever Evil,Oversized T-Shirts,999,999
30,DC: Batman Logo,Drop Cut T-Shirts,899,899
31,Solids: Electric Blue,Oversized T-Shirts,699,699
32,TSS Originals: Cactus,Oversized T-Shirts,899,899
33,TSS Originals: Poster,Oversized T-Shirts,1049,1049
34,Looney Tunes: The Coyote,T-Shirts,649,649
35,The Office: I Manage,T-Shirts,699,699
36,Classic Sustainable Tee: Wine,T-Shirts,599,599
37,Courage: Kinda Antisocial,T-Shirts,799,799
38,Harry Potter: Gryffindor Rugby Set,Hooded T-Shirts,1299,1299
39,TSS Originals: Sphinx,Oversized Full Sleeve T-Shirts,1299,1299
40,Deadpool: Action Packed,Oversized T-Shirts,1199,1199
41,Classic Sustainable Tee: Emerald Green,T-Shirts,549,699
42,Solids: Eggshell White,Oversized T-Shirts,899,899
43,Solids: Black,Oversized T-Shirts,799,999
44,Minions: Procrastinator,T-Shirts,649,649
45,Batman: Wayne Industries,Drop Cut T-Shirts,749,749
46,F.R.I.E.N.D.S: How You Doin,T-Shirts,849,849
47,Marvel: Deadly Duo,Hooded T-Shirts,1299,1299
48,Tom & Jerry: Munching Mischief,Oversized T-Shirts,999,999
49,TSS Originals: Street Division,Men Rugby Polos,1299,1299
50,Solids: White,T-Shirts,499,499
51,Solids: Black,T-Shirts,599,599
52,TSS Originals: Antique Red,Oversized Polos,1249,1249
53,TSS Originals: Cinnamon,Zipper Polos,999,999
54,Bugs Bunny: Dayum,Oversized T-Shirts,1049,1049
55,Harry Potter: Slytherin Gang,Oversized T-Shirts,999,999
56,Black Panther: Panther Power,Oversized T-Shirts,1049,1049
57,Popeye: Spinach Power,Oversized T-Shirts,999,999
58,Garfield: Guarding Me?,Hooded T-Shirts,999,1399
59,Classic Sustainable Tee: Coffee Brown,T-Shirts,599,599
60,Rick & Morty: Wubba Lubba Dub Dub,Oversized T-Shirts,1049,1049
61,Marvel: Superhero Shades,Zipper Polos,1049,1049
62,Wolverine: Clawed,T-Shirts,999,999
63,Deadpool: Let's Kick Bad Guys,T-Shirts,699,699
64,Lord Of The Rings: You Shall Not Pass,Oversized T-Shirts,949,949
65,TSS Originals: Chillin',Oversized T-Shirts,949,949
66,Supima: Dark Grey,Supima T-Shirts,999,999
67,Disney: Bare Necessities,T-Shirts,599,599
68,TSS Originals: Shroomy Vibes,Oversized T-Shirts,899,899
69,Solids: Rouge Red,Oversized T-Shirts,999,999
70,Richie Rich: Exact Change,Oversized T-Shirts,999,999
71,Solids: Denim Blue,Oversized T-Shirts,549,999
72,Solids: Mossy Green,T-Shirts,599,599
73,Deadpool: Self-Love,Oversized T-Shirts,1049,1049
74,One Piece: Going Merry,Oversized T-Shirts,1249,1249
75,TSS Originals: In Spirit,Oversized T-Shirts,1299,1299
76,Tom & Jerry: Toasted,Oversized T-Shirts,1199,1199
77,Spider-Man: Miles Logo,T-Shirts,549,549
78,Solids: Berry Blue,Oversized Polos,1299,1299
79,Solids: Navy Blue,Oversized T-Shirts,899,899
80,Popeye: Seas The Day,Oversized T-Shirts,1499,1499
81,Supima: Wine Red,Supima T-Shirts,999,999
82,The Godfather: Honor,Oversized Full Sleeve T-Shirts,899,899
83,Kung Fu Panda: Back Off,Oversized T-Shirts,999,999
84,Solids: Vintage Blue,T-Shirts,599,599
85,TSS Originals: Blue Melange,Men Full Sleeve T-Shirts,999,999
86,Solids: Emerald Green,Oversized T-Shirts,899,899
87,Deadpool: Let's Go!,Oversized T-Shirts,1049,1049
88,Peanuts: Snoopy Sketch,Oversized T-Shirts,999,999
89,Solids: Black (Oversized),Oversized Full Sleeve T-Shirts,999,999
90,Solids: Berry,Oversized T-Shirts,999,999
91,ISRO: An Endless Adventure,T-Shirts,499,699
92,TSS Originals: Spirit Mosaic,Oversized T-Shirts,1299,1299
93,Solids: Aster,Polos,899,899
94,Solids: Brown Sugar,Oversized T-Shirts,799,999
95,Supima: Deep Brown,Supima T-Shirts,999,999
96,The Boys: Doodle,Oversized T-Shirts,899,899
97,Disney: Goofy The Goof,Oversized T-Shirts,999,999
98,Solids: Sky Blue,T-Shirts,349,599
99,The Godfather: Five Families,T-Shirts,849,849
100,Solids: Quince,Oversized T-Shirts,899,899
101,Spider-Man: Radioactive,Oversized Full Sleeve T-Shirts,999,999
102,TSS Originals: Made By Humans,Hooded T-Shirts,1499,1499
103,Jurassic Park: Logo,Oversized T-Shirts,1049,1049
104,Supima: Charcoal Grey,Supima T-Shirts,999,999
105,TSS Originals: Trippy Blaze,Oversized Full Sleeve T-Shirts,999,999
106,Peanuts: Reckless,Oversized Full Sleeve T-Shirts,899,899
107,Black Panther: Wakanda Forever,Hooded T-Shirts,1399,1399
108,Solids: Classic Red,Oversized T-Shirts,699,999
109,Manchester City: Champs Forever,Men Rugby Polos,1299,1299
110,F.R.I.E.N.D.S: Chillin',T-Shirts,599,599
111,Looney Tunes: Bugs Bunny,Oversized T-Shirts,999,999
112,Tom & Jerry: The Chase,Oversized T-Shirts,1049,1049
113,The Boys: The Real Hero,Oversized T-Shirts,1049,1049
114,Solids: Pine Green,Oversized T-Shirts,999,999
115,Naruto: Jiraya,Oversized T-Shirts,1299,1299
116,Supima: Soft Blue,Supima T-Shirts,999,999
117,Rick And Morty: Portal To Happiness,Oversized T-Shirts,1299,1299
118,Batman: Die A Hero,Oversized T-Shirts,1049,1049
119,The Witcher: Basilisk,Oversized T-Shirts,999,999
120,Naruto: Uzumaki,Men Relaxed Fit T-Shirts,799,799
121,The Boys: F*cking Diabolical,Oversized T-Shirts,699,999
122,Minions: Just Perfect,Polos,799,799
123,Solids: Rhubarb,Mandarin Polos,849,849
124,TSS Original: God Of Death,Oversized T-Shirts,949,949
125,"Solids: Black, White (Colourblock)",Hooded T-Shirts,899,899
126,Jurassic Park: Logo (Vintage Wash),Oversized T-Shirts,1049,1049
127,Batman: The Emblem,Drop Cut T-Shirts,899,899
128,Top Gun: Jets,Oversized T-Shirts,1049,1049
129,One Piece: Straw Hat Pirates,T-Shirts,599,599
130,Batman: Logo (Drip),T-Shirts,999,999
131,F.R.I.E.N.D.S: Doodle Fusion,Oversized T-Shirts,1049,1049
132,Truck Art: Iron Man,Oversized T-Shirts,949,949
133,Marvel: Avenger 63,Polos,1299,1299
134,Classic Sustainable Tee: Charcoal Black,Oversized T-Shirts,749,999
135,Popeye: Bring Em On,Oversized Full Sleeve T-Shirts,999,999
136,Black Panther: Mask 66,Oversized Polos,1299,1299
137,Spider-Man: Pavitr Prabhakar,Oversized T-Shirts,949,949
138,Supima: Stone Brown,Supima T-Shirts,999,999
139,Solids: Maroon,Oversized T-Shirts,799,799
140,Solids: Sea Blue,Oversized T-Shirts,799,799
141,Truck Art: Deadpool,Oversized T-Shirts,1049,1049
142,Courage: Existential Crisis,T-Shirts,699,699
143,Solids: White & Berry Colourblock,Oversized Polos,1399,1399
144,Hulk: The Incredible,Oversized T-Shirts,1299,1299
145,Solids: Pastel Pink,Oversized Full Sleeve T-Shirts,799,1199
146,TSS Originals: Beary Cute,T-Shirts,449,699
147,Classic Sustainable Tee: Cocoa Brown,Oversized T-Shirts,999,999
148,TSS Originals: Scarlet Scale,Men Rugby Polos,1049,1049
149,Donald Duck: Stripes,T-Shirts,699,699
150,Jurassic Park: Roaring Times,Oversized T-Shirts,999,999
151,Superman: Man Of Steel,T-Shirts,649,649
152,TSS Originals: Later Hater,Oversized T-Shirts,699,999
153,TSS Originals: Mosaic Blue,Oversized Full Sleeve T-Shirts,999,999
154,Solids: White,Oversized T-Shirts,899,899
155,Hulk: Gamma Fury,Oversized T-Shirts,1499,1499
156,Alien Invasion: Exploring Earth,Oversized T-Shirts,1049,1049
157,Archie: Riverdale Varsity,Oversized T-Shirts,849,849
158,Top Gun: Maverick Polo,Oversized Polos,1299,1299
159,Batman: Gotham Guardian,Oversized T-Shirts,999,999
160,TSS Originals: Astro Rock,Oversized T-Shirts,999,999
161,ISRO: India Pride,Oversized T-Shirts,999,999
162,Truck Art: Doctor Strange,Oversized T-Shirts,1049,1049
163,Solids Rugby Polo: Navy Striped,Men Rugby Polos,1049,1049
164,Tom And Jerry: Angry Tom,Oversized T-Shirts,899,899
165,Naruto: Battle Ready,Oversized T-Shirts,1049,1049
166,Solids: Deep Lavender,T-Shirts,599,599
167,TMNT: The Squad,T-Shirts,799,799
168,Solids: Sage Green,Oversized T-Shirts,599,999
169,Avengers: The Heroes,Oversized T-Shirts,1299,1299
170,Rick & Morty: Morty-fied,Oversized T-Shirts,699,999
171,Captain America: The First Avenger,T-Shirts,599,599
172,Wolverine: Weapon X,Oversized T-Shirts,1049,1049
173,Rick & Morty: Interdimensional,Oversized T-Shirts,999,999
174,Batman: Caped Crusader,Hooded T-Shirts,999,999
175,Solids: Powder Blue,Oversized T-Shirts,899,899
176,Looney Tunes: Jammin,Hooded T-Shirts,749,1199
177,Supima: Aqua Blue,Supima T-Shirts,999,999
178,House of the Dragon: Fire and Blood,Men Relaxed Fit T-Shirts,599,599
179,Solids: Yellow Ochre,Oversized T-Shirts,799,799
180,Rick And Morty: Escape,Hooded T-Shirts,699,1199
181,Scooby Doo: Halloween,Oversized T-Shirts,799,799
182,Ghost Rider: Spirit Of Vengeance,Oversized T-Shirts,799,999
183,Utility T-shirt: Blaze,Oversized T-Shirts,1049,1049
184,TSS Originals: Iris,Hooded T-Shirts,1499,1499
185,TSS Originals: Irish,Oversized Full Sleeve T-Shirts,999,999
186,Spider-Man: Logo (Colourblock),Zipper Polos,1399,1399
187,The Boys: Logo,Men Relaxed Fit T-Shirts,749,749
188,Rick And Morty: Morty Universe,Oversized T-Shirts,749,999
189,TSS Originals: Mumbai,Oversized T-Shirts,899,899
190,Solids: Superhero Red,Oversized T-Shirts,799,899
191,DC: Batman Beyond,Oversized T-Shirts,1299,1299
192,Marvel: Creative Chaos,Oversized T-Shirts,1199,1199
193,Rick and Morty: Reality,Oversized T-Shirts,999,999
194,TSS Originals: Happy High,Oversized T-Shirts,899,899
195,Minions: Blah Blah Blah,Oversized T-Shirts,1049,1049
196,Supima: White,Supima T-Shirts,999,999
197,Captain America: Super Soldier,Hooded T-Shirts,899,899
198,Supima: Sparkling Orange,Supima T-Shirts,999,999
199,Punisher: Logo,Oversized Polos,1099,1099
200,Solids: Off White,Oversized T-Shirts,999,999
201,Brooklyn Nine-Nine: 99th Precinct,Oversized T-Shirts,1049,1049
202,Garfield: Espresso Yourself,T-Shirts,799,799
203,Solids: Deep Lavender,Oversized T-Shirts,749,999
204,Monopoly: Broke!,T-Shirts,599,599
205,Solids: Washed Blue,T-Shirts,499,699
206,Squid Game: Front Man,Oversized Full Sleeve T-Shirts,999,999
207,Looney Tunes: Serial Chiller,Men Relaxed Fit T-Shirts,599,799
208,Supima: Dusty Pink,Supima T-Shirts,999,999
209,Supima: Light Olive,Supima T-Shirts,999,999
210,Solids: Burgundy,T-Shirts,649,649
211,Marvel: Comic Cards,Oversized T-Shirts,1049,1049
212,TSS Originals: Jasper,Oversized Full Sleeve T-Shirts,999,999
213,TSS Originals: Red,Oversized T-Shirts,799,999
214,Kung Fu Panda: Dragon Warrior,Oversized T-Shirts,1049,1049
215,Looney Tunes: Did Somebody Say..,Oversized T-Shirts,999,999
216,Deadpool: Dogpool,Oversized T-Shirts,899,899
217,Venom: Desi,Oversized T-Shirts,949,949
218,Superman: The Man of Steel,Oversized T-Shirts,899,899
219,Tom And Jerry: Devious Duo,Oversized T-Shirts,999,999
220,Spider-Man: Sigil,T-Shirts,599,599
221,Solids: Off White and Yellow,Hooded T-Shirts,849,1199
222,Naruto: Believe it,Oversized T-Shirts,699,999
223,DC: Batman & Nightwing,Hooded T-Shirts,1399,1399
224,Courage: Same Shit,T-Shirts,999,999
225,Naruto: Ghost of Uchiha,Oversized T-Shirts,1049,1049
226,Naruto: Sannin,Oversized T-Shirts,1049,1049
227,TSS Originals: Shadow,Oversized T-Shirts,1499,1499
228,Batman: The Dark Knight,Hooded T-Shirts,1399,1399
229,Avatar: Balance,Oversized T-Shirts,999,999
230,Supima: Peach,Supima T-Shirts,999,999
231,TSS Originals: Stitch,Oversized T-Shirts,1499,1499
232,Dungeons & Dragons: Owlbear,T-Shirts,599,599
233,Naruto: Uchiha Clan,Oversized Full Sleeve T-Shirts,799,1299
234,Supima: Faded Denim,Supima T-Shirts,999,999
235,Supima: Lime Green,Supima T-Shirts,999,999
236,TMNT: Cowabunga,Oversized T-Shirts,1049,1049
237,Iron Man: Logo,Oversized T-Shirts,999,999
238,Naruto: Gaara of the Sand,Men Relaxed Fit T-Shirts,749,749
239,Star Wars: Galactic Outlaw,Hooded T-Shirts,999,1399
240,Harry Potter: Quidditch Champ,Men Rugby Polos,1299,1299
241,Solids: Maroon,Oversized T-Shirts,699,999
242,Solids: Jade Green,Oversized T-Shirts,549,999
243,Kung Fu Panda: Master Of Chi,Oversized T-Shirts,1299,1299
244,Tom And Jerry: Thinking Tom,T-Shirts,899,899
245,Disney: Donald Duck Attitude,Oversized T-Shirts,999,999
246,Punisher: Lethal Mode,Oversized T-Shirts,999,999
247,Shazam: Thunderbolt,T-Shirts,649,649
248,Solid: White,Jerseys,599,599
249,Superman: The Classic Symbol,T-Shirts,599,599
250,Dungeons & Dragons: Vintage,Hooded T-Shirts,1049,1049
251,Tom And Jerry: Crime Time,T-Shirts,699,699
252,TSS Originals: Topaz Tint,Oversized Polos,1299,1299
253,Avatar: Make Tea Not War,Oversized T-Shirts,1049,1049
254,TSS Originals: Scribbles,Oversized T-Shirts,1299,1299
255,Marvel: Comic Nerd,T-Shirts,799,799
256,Solids: Black,Polos,1049,1049
257,Solids: Orange Blaze,Oversized T-Shirts,849,849
258,Batman: Madness In Gotham,Oversized T-Shirts,649,999
259,Solids: Baltic Sea,Polos,699,999
260,TSS Originals: Furious Dragon,Oversized Polos,1499,1499
261,TSS Originals: Mudart,Hooded T-Shirts,1499,1499
262,Iron Man: Arc Reactor (Glow In The Dark),Drop Cut T-Shirts,999,999
263,Batman: The Bat Sigil,Oversized T-Shirts,1049,1049
264,FRIENDS: The Frame,Oversized T-Shirts,899,899
265,Looney Tunes: The Squad,T-Shirts,549,549
266,Shazam: Realm of Gods,Oversized T-Shirts,849,849
267,Mickey Mouse: Yo,Oversized T-Shirts,999,999
268,Top Gun: Logo,T-Shirts,799,799
269,Solids: Light Orange,Oversized T-Shirts,799,799
270,Truck Art: Black Panther,Oversized T-Shirts,749,999
271,Tie-Dye: Blue Topaz,Oversized Full Sleeve T-Shirts,999,999
272,Solids: Soft Brown,Oversized T-Shirts,999,999
273,Solids: Powder Blue,T-Shirts,449,599
274,TSS Originals: Acid Drip,Oversized T-Shirts,1299,1299
275,Wolverine: Come Together,Oversized T-Shirts,1299,1299
276,Harry Potter: Snitch 07,Oversized Polos,1299,1299
277,Dexter: Power of Science,Oversized T-Shirts,1049,1049
278,TSS Originals: Merlot Navy,Oversized Full Sleeve T-Shirts,799,1199
279,Samurai Jack: Blade Of Honor,Oversized Full Sleeve T-Shirts,999,999
280,Classic Sustainable Tee: Airforce Blue,T-Shirts,599,599
281,Supima: Soft Pink,Supima T-Shirts,999,999
282,Dungeons & Dragons: Fighters Club,Men Rugby Polos,1299,1299
283,Money Heist: Master Mind Berlin,Oversized T-Shirts,599,999
284,Marvel: Wakanda Forever Colourblock,T-Shirts,699,699
285,TSS Originals: Canton,Oversized T-Shirts,899,899
286,Solids: Navy Blue,T-Shirts,319,599
287,TSS Originals: Cinnabar,Oversized Polos,699,999
288,Kung Fu Panda: Not Interested,Oversized Full Sleeve T-Shirts,999,999
289,Jurassic Park: Prehistoric Paradise (Vintage Wash),Oversized T-Shirts,1049,1049
290,Solids: Sage Green,T-Shirts,399,699
291,Naruto: Itachi Uchiha,T-Shirts,749,749
292,Dungeons & Dragons: Dungeon Master,T-Shirts,399,699
293,Classic Sustainable Tee: Emerald Green,T-Shirts,599,599
294,Harry Potter: Slytherin Rugby Set,Hooded T-Shirts,1499,1499
295,Peanuts: Old School,T-Shirts,649,649
296,Rick & Morty: Done with this Universe,Oversized T-Shirts,999,999
297,House of the Dragon: Caraxes,Hooded T-Shirts,1399,1399
298,Disney: Jungle Book Baloo,T-Shirts,549,699
299,Justice League: Comic Time,T-Shirts,849,849
300,TSS Originals: 2013,Oversized T-Shirts,1299,1299
301,Captain America: The Super Soldier,Oversized Full Sleeve T-Shirts,799,799
302,Spider-Man: Amazing Spiderman,Oversized T-Shirts,699,999
303,Solids: Nude Pink,Hooded T-Shirts,649,1199
304,Ant-Man: Kang The Conqueror,Oversized T-Shirts,549,999
305,Naruto: Kakashi Hatake,Men Rugby Polos,1049,1049
306,The Boys: Never Meet Your Heroes,Oversized T-Shirts,699,999
307,Solids: Dark Olive Green,Oversized Polos,1299,1299
308,Naruto: Kakashi,Hooded T-Shirts,799,999
309,Seinfeld: Faces,T-Shirts,549,699
310,Solids: Pale Purple,Oversized Full Sleeve T-Shirts,799,1199
311,Black Panther: Graphic Logo,T-Shirts,649,649
312,Jersey T-Shirt: White,Jerseys,366,366
313,Solids: Berry,Oversized Full Sleeve T-Shirts,999,999
314,House Of The Dragon: Logo,T-Shirts,649,649
315,Solids: Ash Grey,Oversized T-Shirts,799,799
316,Avatar: Zuko,Oversized T-Shirts,899,899
317,Batman: Kick Of Vengence,Oversized T-Shirts,749,999
318,Solids: Serene Green,T-Shirts,499,699
319,TSS Originals: Peace,Oversized T-Shirts,1049,1049
320,Truck Art: Looney Tunes,Oversized T-Shirts,1049,1049
321,TMNT: Ninjas,Oversized T-Shirts,749,999
322,Star Wars: Dark Lord,Oversized T-Shirts,1049,1049
323,Ed Sheeran: Bad Habits,Oversized T-Shirts,699,949
324,TSS Originals: High As Hell,Oversized T-Shirts,699,699
325,Solids: Berry (Utility),Oversized T-Shirts,899,899
326,Looney Tunes: Magic Mushroom,Oversized T-Shirts,1299,1299
327,TSS Originals: Break Free Turtle,Oversized T-Shirts,999,999
328,Solids: White,Mandarin Polos,899,899
329,Garfield: Cool Cat,Oversized T-Shirts,999,999
330,TSS Originals: Radiant,Oversized Full Sleeve T-Shirts,999,999
331,Scooby Doo: Mystery Club,Oversized T-Shirts,999,999
332,Tarot: Batman,Oversized Full Sleeve T-Shirts,999,999
333,Batman: Paisley,Oversized Full Sleeve T-Shirts,999,999
334,Hulk: Time To Smash (Vintage Wash),Oversized T-Shirts,999,999
335,Felix The Cat: Vibin',T-Shirts,599,599
336,Justice League: Legendary (Utility),Oversized T-Shirts,849,849
337,The Boys: Don't Be A C*nt,Oversized T-Shirts,999,999
338,Joker: Certified Insane,Oversized T-Shirts,999,999
339,FCB: Mes Que Un Club,T-Shirts,749,749
340,Marvel: Logo,Oversized T-Shirts,1049,1049
341,Justice League: Classic Logo,Men Relaxed Fit T-Shirts,499,499
342,Aquaman: King of Atlantis,Hooded T-Shirts,949,1199
343,Solids: Blue,Jerseys,249,499
344,Naruto: Yellow Flash,Oversized T-Shirts,999,999
345,Solids: Airy Blue,Oversized T-Shirts,699,999
346,Breaking Bad: Science B*tch,Oversized T-Shirts,899,899
347,Iron-Man: Graffiti,Oversized Full Sleeve T-Shirts,999,999
348,Solids: Sunshine Yellow,Henley T-Shirts,599,599
349,Tom And Jerry: Cheese The Day,T-Shirts,849,849
350,Transformers: Optimus Prime,Oversized T-Shirts,599,999
351,Captain America: Comic Time,T-Shirts,549,549
352,Avatar: The Way,Oversized T-Shirts,899,899
353,Lion King: Hakuna Matata,Oversized T-Shirts,1299,1299
354,Cars: Lightning McQueen,Oversized T-Shirts,1049,1049
355,Black Panther: The Mask,Mandarin Polos,1049,1049
356,Rebel Moon: Galactic,Oversized T-Shirts,999,999
357,House Of The Dragon: Logo,Men Relaxed Fit T-Shirts,649,649
358,That's What She Said,T-Shirts,799,799
359,Stripes: Timeless Noir,Oversized Polos,999,999
360,Naruto: Uchiha Brothers,Oversized T-Shirts,1299,1299
361,Rick And Morty: Adventure,T-Shirts,899,899
362,The Mandalorian: This Is The Way,Oversized Full Sleeve T-Shirts,799,1199
363,Solids: Burnt Sienna Brown,T-Shirts,799,799
364,Deadpool: Newest Badass,T-Shirts,799,799
365,TSS Originals: Pocket,Oversized T-Shirts,1499,1499
366,Garfield: Lazy AF,T-Shirts,649,649
367,Solids: Denim Blue Colourblock,Oversized Polos,749,999
368,TSS Originals: Purple,Oversized T-Shirts,1549,1549
369,Naruto: Uzumaki 10,Oversized Jerseys,799,999
370,Breaking Bad: Walter & Jesse,Oversized T-Shirts,1049,1049
371,Star Wars: The Mandalorian,Hooded T-Shirts,1049,1049
372,ISRO: Chandrayaan 3,Oversized T-Shirts,599,999
373,Pink Panther: Hard Life,Oversized T-Shirts,599,999
374,Iron Man: Logo (Colourblock),Zipper Polos,1049,1049
375,Dungeons & Dragons: Roll,T-Shirts,349,699
376,Solids: Persian Pink,Mandarin Polos,799,999
377,Popeye: Fight Time,T-Shirts,799,799
378,Superman: Fighting Crime,Oversized Polos,799,799
379,TSS Originals: ASAP,T-Shirts,649,649
380,Garfield: Clingy,Oversized T-Shirts,999,999
381,Star Wars: Mandalorian,Oversized T-Shirts,799,999
382,TSS Originals: Emotional Support,Oversized T-Shirts,699,999
383,Spider-Man: Saving The Spider-Verse,Hooded T-Shirts,1499,1499
384,Squid Game: Let's Play,Oversized T-Shirts,1049,1049
385,TSS Originals: Unleash The Dragon,Oversized T-Shirts,899,899
386,Peanuts: Favorite Dog,T-Shirts,799,799
387,Solids: Apricot,Polos,649,999
388,Solids: Sailor,Polos,1049,1049
389,TSS Originals: Positivi-Tea,T-Shirts,699,699
390,Garfield: Smile,Oversized T-Shirts,1049,1049
391,The Office: Michael Scott,Oversized T-Shirts,1299,1299
392,TSS Originals: Real Life Story,Oversized T-Shirts,1399,1399
393,Solids: Dusty Peach,Mandarin Polos,899,899
394,Solids: Warm Grey,T-Shirts,799,799
395,Peanuts: Keepin It Cool,Oversized T-Shirts,1049,1049
396,Avengers: Suit,Zipper Polos,1399,1399
397,TSS Originals: Delhi,Oversized T-Shirts,799,999
398,Solids: Red,T-Shirts,399,399
399,TMNT: Rebel,Oversized T-Shirts,899,899
400,Truck Art: Spider-Man,Oversized T-Shirts,699,999
401,Daffy Duck: Prankster,Oversized T-Shirts,999,999
402,Star Wars: Dark Side,Oversized T-Shirts,1049,1049
403,One Piece: Luffy The Pirate King,Oversized T-Shirts,749,999
404,TSS Originals: Cyber Vigilante,Oversized T-Shirts,999,999
405,Marvel: Venom,Oversized T-Shirts,1049,1049
406,Naruto: Gaara Vs Lee,Oversized T-Shirts,849,849
407,Black Panther: Wakanda Tribe,Oversized T-Shirts,1049,1049
408,Batman: Supervillain,Oversized T-Shirts,1049,1049
409,Solids: White,Oversized Full Sleeve T-Shirts,999,999
410,Spider-Man: Across The Spider-Verse,Oversized Full Sleeve T-Shirts,799,799
411,Solids: Tangerine,Polos,799,999
412,Solids: Emerald Green,Polos,1049,1049
413,Venom: The Symbiote,T-Shirts,699,699
414,Mickey Mouse: Smarty Pants,Oversized T-Shirts,699,999
415,Star Trek: Live Long and Prosper,Oversized T-Shirts,749,999
416,Spaced Out,Oversized T-Shirts,549,999
417,TSS Originals: Foodie,T-Shirts,499,699
418,Deadpool: Merc 91,Hooded T-Shirts,1299,1299
419,Transformers: Bumblebee,Oversized Full Sleeve T-Shirts,999,999
420,TSS Originals: Wild Lime,Men Rugby Polos,749,1199
421,Harry Potter: Hogwarts Is Home,Oversized T-Shirts,849,849
422,Alien Invasion: Street Punk,Oversized T-Shirts,699,999
423,Naruto: Anbu Black Ops,Oversized T-Shirts,1049,1049
424,Minions: I Don't Care,Oversized T-Shirts,1049,1049
425,Solids: Fresh Pink,T-Shirts,449,699
426,TSS Originals: OGs Forever,Oversized Full Sleeve T-Shirts,999,1199
427,Batman: Hero Run,T-Shirts,749,749
428,Ombre: Midnight Blue,Oversized Full Sleeve T-Shirts,999,999
429,Star Wars: Shadows Of The Empire,Oversized Full Sleeve T-Shirts,999,999
430,Solids: Light Lavender,Oversized T-Shirts,749,999
431,Solids: Pearl Grey,T-Shirts,599,599
432,Disney: Goofy,Oversized T-Shirts,1049,1049
433,TSS Originals: Coral Sands,Oversized Full Sleeve T-Shirts,999,999
434,Monopoly: Hustlin',Oversized T-Shirts,999,999
435,Seinfeld: A Show About Nothing,T-Shirts,499,699
436,Kung Fu Panda: Skadoosh,Oversized T-Shirts,1299,1299
437,Captain America: Super Soldier,Oversized Polos,1299,1299
438,Color Block: Cayenne,Oversized Polos,999,999
439,Johnny Bravo: King Of Waves,T-Shirts,549,549
440,Solids: Light Blue & Brown,Oversized Polos,999,999
441,Spider-Man: The Web,T-Shirts,799,799
442,F.R.I.E.N.D.S: I'll Be There For You,T-Shirts,799,799
443,House Of Dragon: Fire Made Flesh,Oversized T-Shirts,999,999
444,Black Panther: The Warrior,Oversized Full Sleeve T-Shirts,999,999
445,Solids: Sage Green,Oversized Full Sleeve T-Shirts,999,1199
446,Solids: Midnight Black,T-Shirts,599,599
447,Breaking Bad: Danger,Hooded T-Shirts,1299,1299
448,Solids: Pink & Navy,Oversized Polos,899,899
449,Disney: Buzz Lightyear,Oversized Full Sleeve T-Shirts,799,799
450,Classic Sustainable Tee: Indigo Bliss,T-Shirts,599,599
451,Naruto: Akatsuki,Oversized T-Shirts,999,999
452,Superman: Done Being Super,Hooded T-Shirts,1299,1299
453,Batman: The Caped Crusader (Glow In The Dark),T-Shirts,999,999
454,One Piece: Most Wanted,Oversized T-Shirts,1049,1049
455,Ed Sheeran: Mathematics Tour,T-Shirts,849,849
456,Solids: Olive Grove,Polos,1049,1049
457,Peanuts: Chillin,Oversized T-Shirts,899,899
458,TSS Originals: Vada Pav,Oversized T-Shirts,899,899
459,Batman: Logo (Vintage Wash),Oversized T-Shirts,1299,1299
460,Harry Potter: Hogwarts Is Home,Oversized Full Sleeve T-Shirts,999,999
461,"Ed, Edd n Eddy: Chaotic Bros",Oversized T-Shirts,1049,1049
462,Naruto: Drunken Fist,Oversized T-Shirts,899,899
463,House of the Dragon: Dragons Did,Oversized T-Shirts,1049,1049
464,Solids: Pale Purple,Oversized T-Shirts,1049,1049
465,Courage: Pattern,T-Shirts,549,549
466,Black Panther: Wakanda Forever,Oversized Full Sleeve T-Shirts,799,799
467,Tarot: Superman,Oversized T-Shirts,799,999
468,Squid Game: Red Light Green Light,Oversized T-Shirts,999,999
469,Solids: Pearl Grey,Oversized T-Shirts,949,949
470,Looney Tunes: Daffy in Space Jam,Oversized T-Shirts,699,999
471,Top Gun: Blueprint,Oversized T-Shirts,999,999
472,Deadpool: The Anti-Hero,Men Rugby Polos,1399,1399
473,Naruto: Gaara,Oversized T-Shirts,699,999
474,Solids: Yellow,Polos,699,999
475,Rick & Morty: Escape From Reality,Oversized T-Shirts,1049,1049
476,TSS Originals: Iris,Super Oversized T-Shirts,849,1199
477,TSS Originals: Bluestone,Oversized Full Sleeve T-Shirts,799,799
478,Star Wars: Darth Maul,Oversized T-Shirts,699,999
479,Cartoon Network: Johnny Bravo,Oversized Full Sleeve T-Shirts,799,1199
480,Green Lantern: Logo,T-Shirts,849,849
481,Solids: Lavender,T-Shirts,449,699
482,Squid Game: Logo,T-Shirts,649,649
483,Solids: Dark Purple,Oversized T-Shirts,949,949
484,Top Gun: Classic,Oversized Polos,1399,1399
485,TSS Originals: Astral,Hooded T-Shirts,699,999
486,Brooklyn Nine-Nine: Human Genius,Oversized T-Shirts,799,999
487,Solids: Serene Sky,T-Shirts,399,599
488,Solids: Navy,Mandarin Polos,1049,1049
489,Solids: Sage Green,Mandarin Polos,999,999
490,Spider-Man: 2099,Drop Cut T-Shirts,599,799
491,The Flash: 99,Oversized Jerseys,799,799
492,TSS Originals: Tangelo,Men Rugby Polos,1299,1299
493,TSS Originals: Retro Gamer,Oversized T-Shirts,799,999
494,The Flash: Lightning Bolt,T-Shirts,649,649
495,Dungeons & Dragons: Displacer Beast,Oversized T-Shirts,599,999
496,Garfield: Attitude,Oversized Full Sleeve T-Shirts,799,1199
497,Mickey Mouse: Fly Away,Oversized T-Shirts,899,899
498,Dungeons & Dragons: Mindflayer,Oversized Full Sleeve T-Shirts,849,1199
499,House of the Dragon: Caraxes,Oversized T-Shirts,999,999
500,Loki: Master of Mischief,Oversized T-Shirts,849,849
501,Solids: Pastel Blue,Oversized Polos,1299,1299
502,TSS Originals: Wisteria,Oversized Full Sleeve T-Shirts,849,1199
503,Thor: For Asgard,Oversized Full Sleeve T-Shirts,899,899
504,Popeye: Thinking Hat,Hooded T-Shirts,999,999
505,Spider-Man: Webtastic,Men Rugby Polos,1049,1049
506,Breaking Bad: Let's Cook,Oversized T-Shirts,699,999
507,Money Heist: Berlin,T-Shirts,549,699
508,TBBT: Bazinga,Oversized T-Shirts,999,999
509,Stranger Things: California '86,Oversized T-Shirts,699,999
510,Solids: Arctic,Hooded T-Shirts,799,1399
511,Breaking Bad: Jesse and Walter,Oversized T-Shirts,1299,1299
512,Batman: The Cowl,Oversized T-Shirts,1049,1049
513,Star Wars: Darth Vader,Oversized Full Sleeve T-Shirts,799,799
514,Scooby Doo: Jeebiesville,Oversized T-Shirts,599,999
515,Marvel: Avengers Assemble,Oversized Full Sleeve T-Shirts,999,999
516,Star Trek: The Universe,Oversized Polos,749,999
517,Donald Duck: Caution,Oversized T-Shirts,1299,1299
518,Naruto: Gaara,Oversized Full Sleeve T-Shirts,999,1199
519,Disney: Quack Hard,Oversized T-Shirts,999,999
520,Color Block: Mist Green,Oversized Polos,999,999
521,Naruto: Ichiraku Ramen,Oversized T-Shirts,699,999
522,Shazam: Billy Batson,Oversized T-Shirts,699,999
523,Chandrayaan 3: Journey To The Moon,Oversized T-Shirts,799,999
524,TSS Originals: Malachite,Super Oversized T-Shirts,849,1199
525,Garfield: Hangry,Oversized T-Shirts,999,999
526,TSS Originals: At The Beach,Oversized T-Shirts,1049,1049
527,Solids: Nude Pink,Oversized T-Shirts,749,999
528,Manchester City: Champions 2023,T-Shirts,549,699
529,Scooby Doo: Scooby Love,Oversized Full Sleeve T-Shirts,999,999
530,Disney: Carpenheimer,Oversized T-Shirts,1049,1049
531,Fighter: SU 30,T-Shirts,799,799
532,TSS Originals: Claret,Oversized Full Sleeve T-Shirts,799,799
533,TSS Originals: Relaksa,Oversized T-Shirts,749,999
534,Supima: Teal,Supima T-Shirts,999,999
535,The Godfather: The Don,Oversized T-Shirts,1049,1049
536,TSS Originals: Good Vibes,Oversized T-Shirts,899,899
537,BGMI: Vintage,Oversized T-Shirts,699,999
538,TSS Originals: Paani Puri,Oversized T-Shirts,699,999
539,Solids: Light Grey,Mandarin Polos,799,999
540,TSS Originals: Samurai,Oversized T-Shirts,699,999
541,Superman: Classic,Oversized T-Shirts,1299,1299
542,Courage: Mondays!,Oversized T-Shirts,699,999
543,Solids: Sage Green,T-Shirts,399,599
544,Solids: Ochre,Polos,899,899
545,Solids: Jade Green & Navy Blue Colourblock,Oversized Polos,749,999
546,SpongeBob: Life's Sweet,Oversized T-Shirts,999,999
547,Disney: Fearless Sher Khan,Oversized T-Shirts,849,849
548,Solids: Frost Blue,T-Shirts,549,699
549,Star Wars: Boba Fett,T-Shirts,599,599
550,TSS Originals: Out Of Office,Oversized T-Shirts,899,899
551,Pennywise: Time To Float,Oversized T-Shirts,1299,1299
552,Enter The Dragon: Bruce Lee,Oversized T-Shirts,799,999
553,Naruto: Hokage,Oversized Full Sleeve T-Shirts,999,1259
554,Top Gun: Talk To Me Goose,T-Shirts,799,799
555,Peanuts: Snoopy,Oversized Polos,1299,1299
556,Spider-Man: Beyond Amazing,Oversized Full Sleeve T-Shirts,949,1199
557,Classic Sustainable Tee: Beige,T-Shirts,599,599
558,Spider-Man: Web Wonder,Oversized T-Shirts,1049,1049
559,TSS Originals: Retro Gamer,Oversized Full Sleeve T-Shirts,799,1199
560,TSS Originals: Slayer,Oversized T-Shirts,1049,1049
561,Seinfeld: Logo,T-Shirts,699,699
562,Supima: Deep Purple,Supima T-Shirts,999,999
563,Tarot: Doctor Strange,Zipper Polos,1299,1299
564,Peanuts: Snoopy Chillin,Polos,849,849
565,Avengers: Quantum,T-Shirts,699,699
566,Solids: Midnight Black,Mandarin Polos,999,999
567,Solids: Ocean Blue Colourblock,Oversized Polos,1049,1049
568,Colourblock: Teal Blaze,Oversized Full Sleeve T-Shirts,649,1199
569,TSS Originals: Cutting Chai,Oversized T-Shirts,599,999
570,TSS Originals: Mann Ki Shanti,Oversized T-Shirts,599,999
571,Black Panther: Logo (Colourblock),Zipper Polos,1299,1299
572,Solids: Burgundy Wine,T-Shirts,299,699
573,TMNT: Booyashaka,Oversized T-Shirts,949,949
574,Captain America: Super Soldier,Oversized Jerseys,999,999
575,TSS Originals: Trippin' Good,Oversized T-Shirts,999,999
576,Daffy Duck: Chillin Villain,Oversized T-Shirts,1049,1049
577,Solids: Zen Blue,Mandarin Polos,799,999
578,Thor: Varsity,T-Shirts,599,599
579,FCB: Logo,T-Shirts,799,799
580,Solids: Black,Henley T-Shirts,799,799
581,TSS Originals: Solid Black,Hooded T-Shirts,899,899
582,ISRO: Logo,T-Shirts,549,549
583,Solids: Electric Blue,Henley T-Shirts,599,599
584,Superman: Iconic Emblem,T-Shirts,799,799
585,Looney Tunes: Endless Vacation,Oversized T-Shirts,649,999
586,Spider-Man: Punk,Oversized T-Shirts,649,999
587,Stranger Things: Hellfire Club,Oversized Full Sleeve T-Shirts,999,999
588,TSS Originals: Race Red,Oversized Full Sleeve T-Shirts,999,1199
589,Looney Tunes: The Daffy Sketch,Oversized T-Shirts,899,899
590,Money Heist: We Are The Resistance,Oversized T-Shirts,949,949
591,TSS Originals: Puzzle,Oversized T-Shirts,1799,1799
592,Batman: Bat Signal Tie Dye,Oversized T-Shirts,1299,1299
593,Solids: Dark Olive,Mandarin Polos,899,899
594,Monopoly: Make It Rain,Oversized T-Shirts,949,949
595,ISRO: Lunar Mission,T-Shirts,849,849
596,Supima: Airy Blue,Supima T-Shirts,999,999
597,Rick And Morty: Portal Boyz,Oversized T-Shirts,549,999
598,Solids: Airy Blue,T-Shirts,399,599
599,Truck Art: Batman,Oversized T-Shirts,749,999
600,Solids: Pink,Oversized Polos,699,999
601,TSS Originals: Wanderer,Oversized T-Shirts,699,999
602,The Flintstones: Yabba Dabba Doo,Oversized T-Shirts,999,999
603,TMNT: The Shred,Oversized T-Shirts,899,899
604,Courage: Living Rent-Free,T-Shirts,799,799
605,Peanuts: Snoop,T-Shirts,799,799
606,Rick And Morty: Escape,Oversized Full Sleeve T-Shirts,799,1199
607,FRIENDS: Yellow Frame,T-Shirts,799,799
608,Phantom: Ghost That Walks,Hooded T-Shirts,699,1199
609,Deadpool: Logo,Oversized Polos,1049,1049
610,Solids: Mystery Black,Mandarin Polos,649,999
611,Popeye: Powerhouse,Hooded T-Shirts,1049,1049
612,Solids: Kelly Green,Oversized Full Sleeve T-Shirts,999,1299
613,Dungeons & Dragons: Monsters & Treasure,Hooded T-Shirts,1499,1499
614,Batman: Symbol,Oversized Full Sleeve T-Shirts,799,799
615,Breaking Bad: La Tortuga,Oversized T-Shirts,749,999
616,Solids: Electric Blue,Oversized Full Sleeve T-Shirts,999,999
617,DC: Justice League,Hooded T-Shirts,699,1199
618,Dungeons & Dragons: Behold,Oversized Full Sleeve T-Shirts,799,1199
619,Marvel: The Incredible Hulk,Oversized Full Sleeve T-Shirts,699,1199
620,Solids: Desert Rose,Mandarin Polos,999,999
621,TSS Originals: Melting Away,Oversized T-Shirts,899,899
622,Courage: Face,Oversized T-Shirts,699,999
623,Harry Potter: Deathly Hallows,Oversized T-Shirts,999,999
624,Solids: Off-White,Oversized Polos,1299,1299
625,Batman: The Dark Knight,T-Shirts,899,899
626,Solids: Brick Red,Oversized Polos,949,949
627,Spider-Man: The Suit,Drop Cut T-Shirts,899,899
628,TSS Originals: Cosmos Legend,Oversized Full Sleeve T-Shirts,699,1199
629,TSS Originals: No Social Battery,Oversized T-Shirts,999,999
630,Solids: Peppermint Green,Oversized T-Shirts,699,999
631,Scooby Doo: Meddling Kids (Oversized),Oversized Full Sleeve T-Shirts,649,1199
632,TSS Originals: Drip Check,Oversized Full Sleeve T-Shirts,799,1199
633,TSS Originals: Indie Red,Zipper Polos,1199,1199
634,SpongeBob: Unrecognized Talent,T-Shirts,549,699
635,Moon Knight: Fist Of Vengeance,Oversized T-Shirts,599,999
636,Star Wars: Darth Vader,T-Shirts,849,849
637,Moon Knight: Graphic,Oversized T-Shirts,599,999
638,Supima: Burgundy,Supima Full Sleeve Henley T-Shirts,699,999
639,Superman: Man Of Steel,Oversized Full Sleeve T-Shirts,799,1199
640,TSS Originals: No F**ks To Give,T-Shirts,399,699
641,Spider-Man: Crime Fighter,Oversized T-Shirts,1049,1049
642,The Boys: Only Man In The Sky,Oversized T-Shirts,1049,1049
643,Seinfeld: Festivus For All Of Us,T-Shirts,349,699
644,Looney Tunes: Crazy Bugs,Oversized Full Sleeve T-Shirts,999,999
645,Rick and Morty: C-137,Hooded T-Shirts,899,1199
646,Batman: Gotham's Saviour,Oversized T-Shirts,1049,1049
647,The Boys: Daddy's Home,Oversized T-Shirts,1049,1049
648,Tom & Jerry: Sticky Situation,Oversized T-Shirts,999,999
649,WB: Mad Max,Oversized Full Sleeve T-Shirts,799,799
650,Stranger Things: Hellfire Club,Oversized T-Shirts,1299,1299
651,Supima: Apple Mint,Supima T-Shirts,799,799
652,Joker: Put On A Happy Face,Oversized T-Shirts,599,999
653,Solids: Black,Hooded T-Shirts,699,1199
654,Pink Panther: Peace,T-Shirts,699,699
655,Rick And Morty: Morty's World,Oversized Full Sleeve T-Shirts,799,1199
656,TSS Originals: My Anxiety Got Me Racing,T-Shirts,349,699
657,Rick And Morty: Aw Geez,Oversized T-Shirts,699,999
658,The Mandalorian: Grogu,Oversized T-Shirts,649,999
659,Black Panther: For T'Challa,Drop Cut T-Shirts,899,899
660,"Solids: Watermelon, White and Pink (Colourblock)",Oversized Polos,999,999
661,ISRO: At The Moon,Oversized T-Shirts,599,999
662,Thor: Worthy,Mandarin Polos,849,849
663,Black Panther: Wakanda Pride (Solar Activated),T-Shirts,699,699
664,TSS Originals: Red Block,Oversized Polos,999,999
665,Black Panther: Long Live The King,Oversized Full Sleeve T-Shirts,799,1199
666,Marvel: Comic Strip,T-Shirts,599,599
667,Black Panther: The Pride,T-Shirts,549,699
668,Star Wars: Rule The Galaxy,Oversized T-Shirts,699,999
669,Captain America: Shield,Performance Jerseys,649,899
670,TSS Originals: Embroidered,Oversized T-Shirts,1299,1299
671,Looney Tunes: Swish Shot,Oversized T-Shirts,949,949
672,Courage: Oops,Oversized T-Shirts,949,949
673,Solids: Lavender,Mandarin Polos,899,899
674,Spider-Man: Scarlett Spider,Zipper Polos,1199,1199
675,Spider-Man: Across The Spider-Verse,Oversized T-Shirts,699,999
676,TSS Originals: Warrior,Oversized T-Shirts,849,849
677,TMNT: Never Cross A Ninja,Oversized T-Shirts,699,999
678,The Smurfs: Smurf off!,Oversized T-Shirts,1049,1049
679,Solids: Mint Green,Hooded T-Shirts,849,849
680,Solids: Rhubarb,Polos,949,949
681,TSS Originals: Kalahari,Oversized T-Shirts,949,949
682,TSS Originals: Caffeine Zombies,Oversized T-Shirts,499,999
683,TSS Originals: Spray Paint,Oversized T-Shirts,1599,1599
684,Solids: Navy Blue,Oversized T-Shirts,749,999
685,Solids: Peach & Black (Utility),Oversized T-Shirts,999,999
686,Thor: Feel The Thunder,Oversized T-Shirts,749,999
687,Star Wars: Dark Lord,T-Shirts,449,699
688,Deadpool: Maximum Effort,Oversized Full Sleeve T-Shirts,1299,1299
689,Black Panther: Loyalty (Glow In The Dark),T-Shirts,699,699
690,Popeye: Comic Strip,Oversized T-Shirts,1049,1049
691,Marvel: Magneto,Oversized T-Shirts,649,999
692,Doctor Strange: Tao Mandalas (Glow In The Dark),Oversized T-Shirts,1049,1049
693,Seinfeld: Jerk Store,T-Shirts,699,699
694,Solids: Winter Mauve,Oversized T-Shirts,749,999
695,Rick And Morty: Flying Solo,T-Shirts,399,699
696,TSS Originals: Blue Breeze,Oversized T-Shirts,649,999
697,Harry Potter: Gryffindor 07,Hooded T-Shirts,849,1199
698,Solid: Powder Blue,Hooded T-Shirts,699,1199
699,Avengers: Logo,Polos,949,949
700,Batman: Surf's Up,T-Shirts,449,699
701,Looney Tunes: Daffy Dunk,Oversized Full Sleeve T-Shirts,799,799
702,Truck Art: Captain America,Oversized T-Shirts,549,999
703,GOTG: The Crew,Oversized T-Shirts,999,999
704,The Wizard Of Oz: The Escape,Oversized T-Shirts,649,999
705,Solids: Lavender,Oversized Polos,999,999
706,Punisher: Logo,T-Shirts,699,699
707,Solids: Pista Green,Oversized T-Shirts,499,999
708,Courage: YIKES,Oversized Full Sleeve T-Shirts,799,799
709,Harry Potter: Enter The Looney Tunes,Men Rugby Polos,1499,1499
710,Solids: Navy,Oversized Full Sleeve T-Shirts,999,999
711,TSS Originals: Carmine,Oversized Polos,749,999
712,Looney Tunes: Ralph Wolf,T-Shirts,799,799
713,Donald Duck: Quackster,Oversized T-Shirts,1049,1049
714,Supima: Mineral Red,Supima T-Shirts,799,999
715,Batman: Gotham City,Oversized Full Sleeve T-Shirts,999,999
716,Solids: Sky,Oversized T-Shirts,549,999
717,"Colourblock: Yellow, Light Purple",Oversized T-Shirts,649,999
718,Superman: Logo (3D),Oversized T-Shirts,1049,1049
719,House Of Dragon: Kingdom Map,Oversized T-Shirts,999,999
720,Doctor Strange: Master Of Mystic Arts,Oversized T-Shirts,599,999
721,SpongeBob: Dang!,T-Shirts,549,549
722,Solids: Light Grey,Henley T-Shirts,599,799
723,Justice League: Dawn Of Justice,Oversized Full Sleeve T-Shirts,799,799
724,Marvel: Kang Conqueror,Oversized Full Sleeve T-Shirts,799,1199
725,Popeye: Spinach Powered,T-Shirts,699,699
726,TMNT: Brotherhood,Men Rugby Polos,999,999
727,SpongeBob: Ok Boomer,Oversized T-Shirts,699,999
728,Solids: Tropical Colourblock,Oversized Polos,949,949
729,Spider-Man: Thwip,Hooded T-Shirts,999,999
730,TMNT: Leonardo,Oversized T-Shirts,649,999
731,Solids: Spring Bud Green,Oversized T-Shirts,699,999
732,Supima: Baltic Sea,Supima T-Shirts,999,999
733,Looney Tunes: Bugs Pattern,Oversized Full Sleeve T-Shirts,649,1199
734,Wanderlust,Oversized T-Shirts,899,899
735,Thor: Hammer,Oversized T-Shirts,649,999
736,Rebel Moon: Logo,T-Shirts,649,649
737,Rick & Morty: Painful Existence,Oversized T-Shirts,899,899
738,Transformers: Optimus,T-Shirts,499,699
739,TMNT: Turtle Power,T-Shirts,699,699
740,Supima: Navy Blue,Supima T-Shirts,999,999
741,Captain America: Cap's Shield (Glow In The Dark),T-Shirts,599,599
742,Spider-Man: Miles,Oversized T-Shirts,599,999
743,Supima: Burnt Sienna,Supima Drop Cut T-Shirts,999,999
744,Star Wars: Mando,T-Shirts,699,699
745,SpongeBob: Krabby Patty,Oversized T-Shirts,699,999
746,TSS Originals: Wandering Octopus,Oversized T-Shirts,899,899
747,Dexter: Genius Alert,T-Shirts,499,699
748,TSS Originals: Bangalore,Oversized T-Shirts,1049,1049
749,Mickey Mouse: Cruising,T-Shirts,899,899
750,"Colourblock: Sky Blue, White",Oversized T-Shirts,699,999
751,Solids: Sunshine Yellow,Oversized T-Shirts,749,749
752,Superman: Man Of Steel,Polos,999,999
753,Solids: Mustard Yellow,T-Shirts,349,599
754,Loki: Time Variance Authority,Oversized T-Shirts,1049,1049
755,Rick & Morty: Portal Heads,Oversized T-Shirts,849,849
756,Harry Potter: Hufflepuff Gang,Oversized T-Shirts,849,849
757,Colourblock: Green,Oversized T-Shirts,1049,1049
758,Solids: Maroon Melange,T-Shirts,349,599
759,Batman: 39,Oversized Polos,999,999
760,Pink Panther: What Is Life?,Oversized Full Sleeve T-Shirts,899,1199
761,Solids: Lavender White & Berry,Oversized Polos,699,999
762,TSS Originals: Sunset Chasers,Oversized T-Shirts,649,999
763,Punisher: The One Man Army,Men Rugby Polos,1499,1499
764,Solids: Navy,Mandarin Polos,999,999
765,Brooklyn Nine-Nine: Noice,T-Shirts,849,849
766,Samurai Jack: Blade,Oversized T-Shirts,1049,1049
767,Solids: Coral Orange,Oversized T-Shirts,599,999
768,Transformers: Autobots,Oversized T-Shirts,649,999
769,TSS Originals: OGs Only,Oversized Polos,1199,1199
770,Solids: Atlantic Blue,Oversized T-Shirts,699,999
771,Supima: Watermelon,Supima T-Shirts,999,999
772,Marvel: Avengers Assemble,Oversized T-Shirts,999,999
773,Deadpool: Chimichangas!,Oversized T-Shirts,999,999
774,TSS Originals: Country Roads,Oversized T-Shirts,699,999
775,Batman: The Dark Knight,T-Shirts,799,799
776,Solids: Lime Green,Oversized T-Shirts,699,999
777,Looney Tunes: Taz Life,T-Shirts,699,699
778,Courage: For Love,T-Shirts,349,699
779,Star Wars: Millennium Falcon,Oversized T-Shirts,999,999
780,Looney Tunes: Taz Devil,T-Shirts,699,699
781,Tom And Jerry: Angry Tom,T-Shirts,649,649
782,Tom And Jerry: All I Need,T-Shirts,549,549
783,Rick And Morty: The Plan,Men Co-ord Sets,799,999
784,ISRO: Mission GSLV,Oversized Polos,1299,1299
785,Thor: The Thunder,T-Shirts,699,699
786,Tarot: Spider-Man,Oversized T-Shirts,1049,1049
787,Gypsy Soul,Oversized T-Shirts,649,999
788,Seinfeld: Doodle,Oversized Full Sleeve T-Shirts,899,899
789,F.R.I.E.N.D.S: Doodle,Oversized T-Shirts,849,849
790,Tie Dye: Grey and Black,Oversized T-Shirts,849,849
791,Black Panther: Wakanda Forever (Utility),Oversized T-Shirts,1049,1049
792,Black Adam: Logo (Raglan),Oversized Full Sleeve T-Shirts,799,1199
793,Pink Panther: The Art Of Chilling,Oversized T-Shirts,599,999
794,Harry Potter: Character Pattern,T-Shirts,899,899
795,Fukrey: Fukra Bandha,Oversized T-Shirts,649,999
796,Solid: Light Melange,Henley T-Shirts,799,799
797,Solids: Chocolate Brown,Henley T-Shirts,699,699
798,Solids Mandarin Polo: Teal,Mandarin Polos,849,849
799,Aquaman: King of Atlantis,Oversized T-Shirts,699,999
800,Looney Tunes: Hungry Taz,T-Shirts,799,799
801,Ombre: Wild Lime,Oversized T-Shirts,799,799
802,Nerdy Equations,T-Shirts,899,899
803,Harry Potter: Slytherin,Oversized Polos,699,999
804,"Solids: Sage Green, Black Colourblock",Oversized Polos,699,999
805,The Office: Best of Dunder Mifflin,T-Shirts,599,599
806,Minions: Dropping Beats,Oversized Full Sleeve T-Shirts,599,1199
807,GOTG: Stay Weird,Oversized T-Shirts,549,999
808,Donald Duck: Pattern,T-Shirts,649,649
809,Solids: Flamingo Pink,Oversized T-Shirts,799,999
810,Peanuts: Ruff Day,T-Shirts,699,699
811,Avengers: The Mightiest Heroes,Oversized T-Shirts,899,899
812,Solids: Grey,Oversized T-Shirts,949,949
813,Pink Panther: Jammin',Oversized T-Shirts,499,999
814,Solids: Deep Lavender,Polos,849,849
815,Solids: Denim Blue,Oversized Polos,999,999
816,Batman: HD Logo,Oversized T-Shirts,999,999
817,Solids: Light Lavender,Mandarin Polos,899,899
818,"Colourblock: White, Maroon",Oversized T-Shirts,649,999
819,One Piece: Roronoa Zoro,Oversized T-Shirts,699,999
820,TSS Originals: Lemon Drop,Oversized Polos,699,999
821,Harry Potter: Master Of Death,Men Rugby Polos,1199,1199
822,TSS Originals: Camo Print,Jerseys,599,899
823,Solids: Yellow White & Navy,Oversized Polos,599,999
824,TSS Originals: Aqua Spring,Oversized Polos,799,999
825,TSS Originals: Mauve Magic,Oversized Polos,949,949
826,Black Panther: Long Live The King,Oversized T-Shirts,1049,1049
827,Supima: Nude Pink,Supima Drop Cut T-Shirts,699,999
828,Solids: Dark Green,Mandarin Polos,749,999
829,Harry Potter: Hogwarts History,Oversized T-Shirts,949,949
830,Deadpool: Killin' It,T-Shirts,999,999
831,TSS Originals: Relentless Shark,Oversized T-Shirts,999,999
832,TSS Originals: Otaku,Oversized Full Sleeve T-Shirts,999,999
833,Looney Tunes: Samurai Bugs,Oversized Full Sleeve T-Shirts,799,1199
834,The Jetsons: Out Of This World,T-Shirts,499,699
835,Alien Invasion: Pizza,Oversized T-Shirts,649,999
836,Solids: Burgundy,Oversized Full Sleeve T-Shirts,999,999
837,Avengers: Mech Strike,Oversized Full Sleeve T-Shirts,599,1199
838,Ghost Rider: Vengeance,Oversized Full Sleeve T-Shirts,799,1199
839,Looney Tunes: What's Up Doc,Oversized Full Sleeve T-Shirts,799,1199
840,Garfield: I Skate Mondays,Oversized T-Shirts,849,849
841,TSS Originals: Apple Mint,Oversized Polos,699,999
842,TSS Originals: Lemonade,Oversized T-Shirts,749,999
843,Tom & Jerry: Not Quiet Just Plotting,Oversized Full Sleeve T-Shirts,999,999
844,The Office: Dammit Jim,T-Shirts,599,599
845,Avatar: Logo (Glow In The Dark),T-Shirts,599,599
846,Tom And Jerry: Basket,T-Shirts,599,599
847,Supima: Off White,Supima T-Shirts,899,899
848,TSS Originals: Souled Vibe,Oversized T-Shirts,649,999
849,TSS Originals: Coffee Invasion,Oversized T-Shirts,549,999
850,TSS Originals: Airy Blue,Oversized Polos,949,949
851,Captain America: Shield,T-Shirts,549,699
852,Solids: Rich Maroon,Mandarin Polos,899,899
853,SpongeBob: Like A Boss,Oversized T-Shirts,799,999
854,The Office: Employee Of The Month,T-Shirts,599,599
855,Peanuts: Skate It Off,Polos,999,999
856,Naruto: Team Kakashi,Men Relaxed Fit T-Shirts,599,799
857,Black Panther: The King,T-Shirts,799,799
858,The Phantom: Necessary,T-Shirts,599,599
859,Spider-Man: With Great Power,T-Shirts,399,699
860,Superman: Emblem,Oversized Full Sleeve T-Shirts,799,999
861,Captain America: Sentinel Of Liberty,Oversized T-Shirts,899,899
862,Pink Panther: Nostalgic,Hooded T-Shirts,1299,1299
863,The Flash: Through Time,Oversized T-Shirts,699,999
864,Superman: Metropolis Blue (Tie Dye),Oversized T-Shirts,749,999
865,Solid: Snow Blue,Jerseys,399,399
866,"Colourblock: Peach, White, Black",Oversized T-Shirts,849,849
867,Rick and Morty: Higher Self (Acid Wash),T-Shirts,549,699
868,Naruto: The Rogue Ninja,T-Shirts,699,699
869,Marvel: Spiderman Logo,Oversized T-Shirts,899,899
870,Solid: Navy,Hooded T-Shirts,799,999
871,Hulk: Logo (Colourblock),Zipper Polos,1299,1299
872,Solids: White Camo,Drop Cut T-Shirts,499,799
873,TSS Originals: Berry,Oversized Polos,949,949
874,Ninja Warrior,Oversized T-Shirts,799,999
875,The Flash: Speedster,Oversized T-Shirts,699,999
876,Money Heist: Bella Ciao,T-Shirts,749,749
877,Batman: Chase The Joker,Oversized T-Shirts,999,999
878,Garfield: Lasagna,T-Shirts,599,599
879,Solids: Mystery Black,Mandarin Polos,899,899
880,ISRO: Emblem,T-Shirts,399,699
881,Brooklyn Nine-Nine: Hitchcock & Scully,Men Relaxed Fit T-Shirts,699,699
882,TSS Originals: Blue Ripples,Oversized T-Shirts,999,999
883,Solid: Grey,T-Shirts,649,649
884,Truck Art: Superman,Oversized T-Shirts,649,999
885,Ed Sheeran: Flower (Ombre),T-Shirts,699,699
886,Solids: Jade Green,Oversized T-Shirts,599,999
887,Harry Potter: Gryffindor Gang,Oversized T-Shirts,999,999
888,SpongeBob: Let's Go,Oversized T-Shirts,799,999
889,Spider-Man: Logo,Oversized Polos,899,899
890,TSS Originals: Here We Go Again,Oversized T-Shirts,1199,1199
891,Garfield: Comics,T-Shirts,549,699
892,Superman: Son of Krypton,Hooded T-Shirts,799,999
893,Iron Man: The Invincible,Hooded T-Shirts,999,999
894,Superman: Alter Ego,T-Shirts,349,449
895,Solids: Navy (Mandarin Polo),Mandarin Polos,799,999
896,Iron Man: Arc Reactor,Hooded T-Shirts,1049,1049
897,TSS Originals: Souled,Oversized T-Shirts,749,999
898,Solids: Nude Pink,Hooded T-Shirts,549,999
899,Avengers: Logo,Drop Cut T-Shirts,849,849
900,The Lion King: Hakuna Matata,T-Shirts,699,699
901,Justice League: Logo,Drop Cut T-Shirts,899,899
902,Solids: Smoky Grey Camo,T-Shirts,499,499
903,Supima: TSS Since 2013,Supima T-Shirts,999,999
904,Peanuts: Whatever,Oversized T-Shirts,699,999
905,Looney Tunes: Bugs Bunny,Mandarin Polos,699,999
906,Archie: The Gang,Oversized T-Shirts,849,849
907,Superman: Flying High,Men Full Sleeve T-Shirts,499,699
908,Solids: Brick Red,Men Performance Essential T-Shirts,399,599
909,Iron Man: Mask,Oversized Polos,849,849
910,Rebel Moon: Jimmy,Oversized T-Shirts,999,999
911,Solids: Powder Blue,Oversized Polos,799,999
912,Captain America: The Shield,Drop Cut T-Shirts,599,599
913,Solids: Deep Lavender,Oversized Full Sleeve T-Shirts,799,1199
914,Peanuts: Skate Of Mind,Oversized Full Sleeve T-Shirts,999,999
915,TSS Originals: White Block,Oversized Polos,999,999
916,Solids: Mauve Stripes,Men Rugby Polos,799,799
917,The Office: Undivided Attention,T-Shirts,499,699
918,Naruto: Akatsuki Polo,Polos,899,899
919,TSS Originals: Lion City,Oversized T-Shirts,899,899
920,TSS Originals: Real Nareal,Oversized T-Shirts,699,999
921,Joker: World Burns,Oversized T-Shirts,999,999
922,TSS Originals: Striped T-shirt (Blue),Men Full Sleeve T-Shirts,399,699
923,Rick And Morty: Outta Here,T-Shirts,449,449
924,Brooklyn Nine-Nine: Punk,Men Relaxed Fit T-Shirts,499,499
925,Solids: Red Camo (Active Wear),Men Performance Essential Drop Cut T-Shirts,699,899
926,Spider-Man: 2099,T-Shirts,549,549
927,TSS Originals: Sage Green,Oversized Polos,899,899
928,Minions: Hustle For Muscle,T-Shirts,499,699
929,Solids: Faded Purple,T-Shirts,749,749
930,Solid: Navy Dot,Jerseys,299,499
931,Marvel: Avengers Assemble,Zipper Polos,999,999
932,Captain America: Super Soldier,Hooded T-Shirts,699,999
933,Solids: Emerald Green,T-Shirts,549,549
934,Rick And Morty: Szechuan,Oversized Full Sleeve T-Shirts,999,999
935,Garfield: Silence Is Better,T-Shirts,749,749
936,Solids: Marine Melange,T-Shirts,449,449
937,Harry Potter: Gryffindor Pride (Vintage Wash),Mandarin Polos,999,999
938,BGMI: Winner Winner Chicken Dinner,T-Shirts,449,449
939,Solids: Scuba Blue Colourblock,Polos,999,999
940,Scooby Doo: Those Meddling Kids,Oversized T-Shirts,849,849
941,Solids: Maroon Melange Drop Cut,Drop Cut T-Shirts,699,699
942,Tie Dye: Blue,Oversized Polos,899,899
943,Superman: Logo (Ombre),Polos,899,899
944,Solids: Black,Jerseys,399,399
945,Solids: Bang Blue,T-Shirts,369,699
946,Popeye: Local Hero,Men Relaxed Fit T-Shirts,699,699
947,Popeye: The Sailor Man,Men Relaxed Fit T-Shirts,599,799
948,Let's Hit The Road,T-Shirts,599,599
949,Donald Duck: Happy Face,T-Shirts,849,849
950,Wolverine: Power Unleashed,Oversized T-Shirts,1299,1299
951,Solids Step Hem T-shirt: Grey Camo,T-Shirts,499,499
952,Solids: Dark Forest Colourblock,Men Rugby Polos,1299,1299
953,Solids: Peach Pink,T-Shirts,299,699
954,Avengers: Assemble,T-Shirts,699,699
955,Money Heist: La Casa De Papel,T-Shirts,499,699
956,Kung Fu Panda: Warrior Business,Oversized T-Shirts,999,999
957,Solids: Powder Blue,Hooded T-Shirts,999,999
958,Solids Mandarin Polo: Nude Pink,Mandarin Polos,699,699
959,TSS Originals: Anime,Oversized Full Sleeve T-Shirts,999,999
960,Solids: Royal Blue,Jerseys,299,499
961,Marvel: Vintage Heroes,T-Shirts,749,749
962,Spider-Man: Web Design,Oversized T-Shirts,849,849
963,Superman: Classic Logo,Men Full Sleeve T-Shirts,549,799
964,Iron Man: The Invincible,Oversized Full Sleeve T-Shirts,999,999
965,Solids: Off White,Hooded T-Shirts,949,949
966,Solids Slub: Steel Grey,T-Shirts,499,499
967,Solids: Ocean Blue,T-Shirts,499,499
968,Solids: Navy,Jerseys,299,499
969,Solids: Salmon (Bomber Polo),Bomber Neck Polos,899,899
970,Tie Dye: Psychedelic Groove,Oversized Full Sleeve T-Shirts,999,999
971,Save the Tortoise,T-Shirts,549,549
972,Iron Man: Signature Stark,Drop Cut T-Shirts,599,599
973,TSS Originals: Black,T-Shirts,449,449
974,Marvel: Maximum Carnage,Men Full Sleeve T-Shirts,599,899
975,Solids: Dusty Rose,Oversized T-Shirts,799,799
976,Solids: Powder Blue,Oversized Polos,949,949
977,Tie Dye: Stripes Polo,Polos,599,899
978,Black Panther: Wakanda Forever,Men Full Sleeve T-Shirts,599,599
979,Solids: Denim Blue (Pocket),Men Relaxed Fit T-Shirts,499,799
980,Here For The Food,T-Shirts,349,349
981,Solids Waffle Henley: Carter Brown,Henley T-Shirts,499,899
982,The Flintstones: Smile,T-Shirts,499,699
983,Tie Dye: Sky Storm,Polos,799,999
984,Justice League: Classic Logo,Oversized Full Sleeve T-Shirts,999,999
985,The Office: Cruise Limbo,T-Shirts,349,349
986,Superman: Power Logo,Polos,899,899
987,TSS Originals: Crouching Tiger,Oversized Full Sleeve T-Shirts,999,999
988,Solids: Orange,Jerseys,399,399
989,F.R.I.E.N.D.S: Logo,Oversized Full Sleeve T-Shirts,999,999
990,Solids: Light Yellow,T-Shirts,349,349
991,Supima: Poppy Red,Supima T-Shirts,999,999
992,Harry Potter: Hogwarts,Oversized Full Sleeve T-Shirts,999,999
993,Thor: Thunder (Reflective Ink),T-Shirts,699,699
994,Solids: Cobalt Blue,Henley T-Shirts,599,599
995,TSS Originals: Asocial,T-Shirts,349,349
996,Find Your Balance,T-Shirts,449,449
997,Solids: Superhero Red,Henley T-Shirts,699,699
998,5 Star: Legends Do Nothing,Oversized T-Shirts,949,949
999,Kung Fu Panda: Pandya 33,Oversized T-Shirts,949,949
1000,Star Wars: Darth Vader,Oversized T-Shirts,999,999
1001,Star Wars: Bounty,T-Shirts,649,649
1002,Solids: Grindle Black,Easy Fit Full Sleeve T-Shirts,599,599
1003,DC: Aquaman,Men Full Sleeve T-Shirts,599,599
1004,TMNT: Master Splinter,T-Shirts,599,599
1005,Star Wars: Black Empire,Oversized Full Sleeve T-Shirts,999,999
1006,Mortal Kombat: Scorpion,T-Shirts,449,449
1007,Solids: Red,Henley T-Shirts,699,699
1008,Solids Mandarin Polo: Brick Red,Mandarin Polos,899,899
1009,The Office: Kevin's Chili,T-Shirts,499,499
1010,Marvel: Comics,T-Shirts,649,649
1011,Kung Fu Panda: Panda 33,Oversized T-Shirts,1049,1049
1012,Solids Mandarin Polo: Sage Green (New),Mandarin Polos,899,899
1013,Superman: Logo,T-Shirts,599,599
1014,Garfield: Have A Nice Day,Easy Fit Full Sleeve T-Shirts,499,499
1015,Solids: Eggshell White,Jackets,2199,2199
1016,Solids Step Hem T-shirt: Grey Melange,T-Shirts,449,449
1017,Star Wars: Dark Side,Oversized Full Sleeve T-Shirts,999,999
1018,Solids: Berry,Polos,899,899
1019,Superman: Symbol of Hope,T-Shirts,599,599
1020,Punisher: Logo,T-Shirts,599,599
1021,Naruto: Akatsuki Cloud,T-Shirts,599,599
1022,Solids: Blue & Lavender (Utility),Oversized T-Shirts,999,999
1023,Naruto: Hero,Men Relaxed Fit T-Shirts,599,799
1024,Solids: Burgundy,T-Shirts,399,599
1025,Johnny Bravo: Hunk Alert,Oversized T-Shirts,799,999
1026,TSS Originals: Sab Moh Maya,T-Shirts,549,699
1027,Solids: Navy,Jerseys,349,499
1028,The Phantom: Graphic Print,Oversized T-Shirts,749,999
1029,Solids Waffle Henley: Black,Henley T-Shirts,799,999
1030,Naruto: What A Drag,Oversized Full Sleeve T-Shirts,999,1199
1031,Supima: Poppy Red,Supima Full Sleeve Henley T-Shirts,799,999
1032,Solids: Lemon Yellow,Oversized T-Shirts,699,999
1033,Solids: Dark Purple,Jerseys,299,499
1034,Solids: Mustard Yellow,Oversized T-Shirts,799,999
1035,RRR: Ram & Bheem,T-Shirts,499,699
1036,Solids: Nude Pink,Oversized T-Shirts,699,899
1037,Kung Fu Panda: Dragon Warrior,Men Full Sleeve T-Shirts,599,799
1038,Thor: The Ravagers,T-Shirts,499,699
1039,Solids: Deep Blue,Oversized Polos,699,999
1040,TSS Originals: Bleach Melange,T-Shirts,499,699
1041,Solids: Salmon,Half Sleeve Henley T-Shirts,399,699
1042,Solids: Marine Melange,Easy Fit Full Sleeve T-Shirts,499,899
1043,Solids: Dark Blue,T-Shirts,299,499
1044,Looney Tunes: What's Up Doc?,Mandarin Polos,799,999
1045,The Office: Did I Stutter?,T-Shirts,399,699
1046,Solids: Charcoal Melange,Easy Fit Full Sleeve T-Shirts,549,899
1047,Solids: Bleach Mlange (Camo),Men Full Sleeve T-Shirts,399,699
1048,Garfield: Face,Men Full Sleeve T-Shirts,399,699
1049,Iron Man: Tony's Choice,Drop Cut T-Shirts,549,799
1050,Colorblock: Twilight,Oversized Polos,749,999
1051,Fukrey: Since 2013,Unisex T-Shirts,599,599
1052,ISRO: Symbol,T-Shirts,449,449
1053,TSS Originals: Grumpy,Oversized T-Shirts,899,899
1054,Solids: Slate Grey,Oversized T-Shirts,799,799
1055,TSS Originals: Billiard Block,Oversized Polos,849,849
1056,Daffy Duck: Chill Out,Oversized T-Shirts,849,849
1057,Chill Vibes,Oversized T-Shirts,1049,1049
1058,Disney: Happy Mickey,T-Shirts,899,899
1059,The Office: Characters,T-Shirts,599,599
1060,Solids: Maroon Colourblock,Oversized Polos,999,999
1061,Solids: Peach,Oversized Full Sleeve T-Shirts,999,999
1062,Solids: Jade,Oversized Polos,899,899
1063,Colorblock: Verdent Blue,Hooded T-Shirts,899,899
1064,Avatar: Earthbender,Oversized T-Shirts,999,999
1065,RNT: E-Sports T-Shirt,T-Shirts,449,449
1066,Solids: Ocean,T-Shirts,499,499
1067,Archie: Facepalm,T-Shirts,699,699
1068,Solids: Jade Green,T-Shirts,599,599
1069,Solids: Purple,Jerseys,399,399
1070,Solids: Jade Green And White,Oversized T-Shirts,899,899
1071,TSS Originals: Sanity In A Cup,Oversized T-Shirts,899,899
1072,Supima: Burnt Sienna,Supima T-Shirts,999,999
1073,Solids: Electric Blue,Oversized Polos,999,999
1074,Garfield: Procrastination Club,T-Shirts,799,799
1075,Tie Dye: Faded Peach,T-Shirts,549,549
1076,The Office: Dwight Schrute,T-Shirts,549,549
1077,TSS Originals: Personality Dekh,T-Shirts,499,499
1078,Spider-Man: Venom Inside (Solar Activated),T-Shirts,699,699
1079,Solids: Black,Polos,899,899
1080,Minions: Strange,T-Shirts,599,599
1081,Solids: Pearl Grey,Oversized Polos,899,899
1082,Solids: Black,Hooded T-Shirts,999,999
1083,Solids: Rosewood,T-Shirts,499,499
1084,Harry Potter: Hogwarts,Oversized Polos,999,999
1085,Supima: Cool Classics (Pack of 3),Supima T-Shirts,2847,2997
1086,Deadpool: Great Irresponsibility,Oversized T-Shirts,999,999
1087,Supima: Earthen Ensemble (Pack of 3),Supima T-Shirts,2847,2997
1088,Ed Sheeran: Concert Tee,Oversized T-Shirts,999,999
1089,Supima: Spiced Hues (Pack of 3),Supima T-Shirts,2847,2997
1090,Supima: Fiesta (Pack of 2),Supima T-Shirts,1898,1998
1091,Supima: Monochrome (Pack of 2),Supima T-Shirts,1898,1998
1092,Supima: Serene Splash (Pack of 2),Supima T-Shirts,1898,1998
1093,Men Mystery T-Shirt,Men Mystery Products,399,399
1094,TSS Originals: Made By Humans,Oversized T-Shirts,1499,1499
1095,Solids: Mauve,Oversized Full Sleeve T-Shirts,999,999
1096,TSS Originals: The Anniversary Edition,Oversized T-Shirts,1299,1299
1097,Looney Tunes: Fitness,T-Shirts,399,699
1098,Black Panther: Wakanda Forever,Oversized Jerseys,799,999
1099,Stranger Things: The Hellfire Club,Men Full Sleeve T-Shirts,499,799
1100,Spider-Man: Web Crawler,Drop Cut T-Shirts,499,799
1101,TSS Originals: Varsity Originals,Men Rugby Polos,949,1199
1102,Batman: 3D Logo (Full Sleeve),Men Full Sleeve T-Shirts,599,899
1103,Naruto: Uchiha 23,Oversized Jerseys,799,999
1104,Solids Mandarin Polo: Navy Blue,Mandarin Polos,699,999
1105,Solids: Dark Purple,Mandarin Polos,699,999
1106,Batman: 39,Oversized Jerseys,799,999
1107,Rick And Morty: Pounders,T-Shirts,499,699
1108,Dexter: Allergic To Idiots,T-Shirts,499,699
1109,Iron Man: Tony Stark (Mandarin Polo),Mandarin Polos,799,999
1110,Superman: Logo,Oversized Jerseys,799,999
1111,Looney Tunes: Play It Again,Oversized T-Shirts,1299,1299
1112,TSS Originals: Explore The Unseen,Oversized T-Shirts,999,999
1113,Mens Oversized Mystery T-Shirt,Men Mystery Products,599,599
1114,Tom & Jerry: Striped,Oversized Full Sleeve T-Shirts,999,999
1115,Dungeons & Dragons: Dice Give & Take,Oversized T-Shirts,999,999
1116,Spider-Man No Way Home: Logo,T-Shirts,549,549
1117,Solids: Black,Oversized Full Sleeve T-Shirts,999,999
1118,Black Panther: Loyalty,Drop Cut T-Shirts,749,749
1119,Solids: Olive Camo,Drop Cut T-Shirts,699,699
1120,"Minions: Saturday, Sunday, Monday",T-Shirts,599,599
1121,Solids: Denim Blue,Hooded T-Shirts,1199,1199
1122,Solid: Orange,Jerseys,399,399
1123,Marvel: Deadpool x Wolverine,Oversized T-Shirts,1199,1199
1124,Avatar: Aang And Appa,Oversized Full Sleeve T-Shirts,999,999
1125,Deadpool: No More Calm,Oversized T-Shirts,1499,1499
1126,Spider-Man: Midnight,Oversized T-Shirts,1399,1399
1127,Solids Slub: Navy Blue,T-Shirts,499,499
1128,FCB: Matchday,Oversized T-Shirts,1299,1299
1129,House Of Dragon: Tear,Oversized T-Shirts,999,999
1130,TSS Originals: Drip,Oversized T-Shirts,1499,1499
1131,Spider-Man: Spider Sense,Oversized Polos,999,999
1132,One Piece: Pirate Tales,Oversized T-Shirts,999,999
1133,Solids: Winter Grey Melange,T-Shirts,499,499
1134,FCB: Camp Nou,Oversized T-Shirts,999,999
1135,Naturally High,T-Shirts,449,449
1136,Too Lazy,T-Shirts,449,449
1137,Peanuts: Good Grief,T-Shirts,749,749
1138,The Office: A Little Stitious,T-Shirts,599,599
1139,Spider-Man: The Suit,Oversized Jerseys,799,799
1140,"Solids: Red, Black, and White (Colourblock)",Oversized Full Sleeve T-Shirts,999,999
1141,Peanuts: Snoopy 50,Oversized T-Shirts,999,999
1142,TSS Originals: Comfortable Delusion,T-Shirts,549,549
1143,Solids: Pearl Grey,Henley T-Shirts,599,599
